subject_id,biological_samples_available,date_of_last_follow_up,age_at_last_follow_up,first_contact_with_specialized_centre,age_at_first_contact_with_specialized_centre,date_of_birth,age,patient_status,date_of_death,age_at_death,cause_of_death,phenotype,age_at_diagnosis,gender,seizures,age_of_seizure_onset,inheritance_model,platform,analysed_tissue,zygosity,chr,position,ref,alt,transcript,cDNA,protein,genes,interpretation,interpretation_addendum,Phenotype_ORPHA
994M,Blood,14/01/2020,10,07/10/2010,1,09/07/2009,10,Alive,,,,HP:0002376,1,F,YES,0.6,AD - de novo,WES - singleton,Blood,Heterozygous,20,47990350,G,A,NM_004975.2,c.1747C>T,p.(Arg583*),KCNB1,Pathogenic,Diagnostic,
994M,,,,,,,,,,,,HP:0011097,,,,,,,,,,,,,,,,,,,
994M,,,,,,,,,,,,HP:0002521,,,,,,,,,,,,,,,,,,,
1021M,Blood,07/08/2017,5,31/10/2012,0,01/06/2012,7,Alive,,,,HP:0001249,0,M,YES,0,AD - de novo,WES - singleton,Blood,Heterozygous,16,56370656,G,A,NM_020988.2,c.607G>A,p.(Gly203Arg),GNAO1,Pathogenic,Diagnostic,
1021M,,,,,,,,,,,,HP:0001332,,,,,,,,,,,,,,,,,,,
1021M,,,,,,,,,,,,HP:0001285,,,,,,,,,,,,,,,,,,,
1021M,,,,,,,,,,,,HP:0006934,,,,,,,,,,,,,,,,,,,
1021M,,,,,,,,,,,,HP:0007359,,,,,,,,,,,,,,,,,,,
1162M,Blood,14/07/2017,4,07/12/2012,0,20/08/2012,6,Alive,,,,HP:0002197,0,M,YES,0,AD - inherited,WES - singleton,Blood,Heterozygous,2,166201078,A,G,NM_021007.2,c.2576A>G,p.(Lys859Arg),SCN2A,Likely pathogenic,Diagnostic,
257N,Blood,07/08/2017,6,22/02/2013,2,01/09/2010,9,Alive,,,,HP:0011097,2,M,YES,0.5,XLR - inherited,WES - singleton,Blood,Hemizygous,X,19377038,C,T,NM_000284.3,c.904C>T,p.(Arg302Cys),PDHA1,Pathogenic,Diagnostic,
257N,,,,,,,,,,,,HP:0002521,,,,,,,,,,,,,,,,,,,
257N,,,,,,,,,,,,HP:0007360,,,,,,,,,,,,,,,,,,,
257N,,,,,,,,,,,,HP:0002079,,,,,,,,,,,,,,,,,,,
309N,Blood,01/02/2017,10,06/03/2013,6,27/09/2006,13,Alive,,,,HP:0001249,6,F,YES,0.11,AD - de novo,TGS - gene panel,Blood,Heterozygous,5,139494533,T,TT,NM_005859.4,c.768dupC,p.(Ile257Hisfs*37 ),PURA,Pathogenic,Diagnostic,
309N,,,,,,,,,,,,HP:0002273,,,,,,,,,,,,,,,,,,,
309N,,,,,,,,,,,,HP:0010850,,,,,,,,,,,,,,,,,,,
309N,,,,,,,,,,,,HP:0001250,,,,,,,,,,,,,,,,,,,
309N,,,,,,,,,,,,HP:0001290,,,,,,,,,,,,,,,,,,,
116R,Blood,10/01/2018,11,06/07/2013,7,26/01/2006,13,Alive,,,,HP:0010864,7,F,YES,2.6,AR - compound heterozygous,TGS - gene panel,Blood,Heterozygous,2,86067358,T,C,NM_001042437.1,c.1097A>G,p.(His366Arg),ST3GAL5,Likely pathogenic,Diagnostic,
116R,,,,,,,,,,,,HP:0011153,,,,,,,,,,86067500,C,T,,c.955G>A,p.(Gly319Ser),ST3GAL5,,,
116R,,,,,,,,,,,,HP:0100660,,,,,,,,,,,,,,,,,,,
116R,,,,,,,,,,,,HP:0000733,,,,,,,,,,,,,,,,,,,
116R,,,,,,,,,,,,HP:0010864,,,,,,,,,,,,,,,,,,,
116R,,,,,,,,,,,,HP:0011153,,,,,,,,,,,,,,,,,,,
116R,,,,,,,,,,,,HP:0100660,,,,,,,,,,,,,,,,,,,
116R,,,,,,,,,,,,HP:0000733,,,,,,,,,,,,,,,,,,,
063N,Blood,02/03/2018,32,13/07/2004,18,23/09/1985,34,Alive,,,,HP:0002373,-1,M,YES,Undetermined,AD - de novo,WES - singleton,Blood,Heterozygous,2,166901591,G,A,NM_001165964.3,c.1624C>T,p.(Arg542*),SCN1A,Pathogenic,Diagnostic,
063N,,,,,,,,,,,,HP:0002069,,,,,,,,,,,,,,,,,,,
063N,,,,,,,,,,,,HP:0007359,,,,,,,,,,,,,,,,,,,
063N,,,,,,,,,,,,HP:0007291,,,,,,,,,,,,,,,,,,,
063N,,,,,,,,,,,,HP:0200134,,,,,,,,,,,,,,,,,,,
1332P,Blood,07/05/2017,12,19/09/2014,10,16/09/2004,12,Deceased,07/07/2017,12,Respiratory infection,HP:0001263,10,M,YES,0.3,AR - inherited - homozygous,WES - trio,Blood,Homozygous,21,38437903,CT,C,NM_153681.2,c.456delA,p.(Glu153Asnfs*34),PIGP,Pathogenic,Diagnostic,
1332P,,,,,,,,,,,,HP:0007359,,,,,,,,,,,,,,,,,,,
1332P,,,,,,,,,,,,HP:0010851,,,,,,,,,,,,,,,,,,,
1332P,,,,,,,,,,,,HP:0002079,,,,,,,,,,,,,,,,,,,
1332P,,,,,,,,,,,,HP:0100660,,,,,,,,,,,,,,,,,,,
1332P,,,,,,,,,,,,HP:0012444,,,,,,,,,,,,,,,,,,,
166P,Blood,07/05/2019,22,24/03/2012,14,30/04/1997,22,Alive,,,,HP:0001302,14,F,YES,4,AD - de novo - somatic,TGS - gene panel,Blood,Heterozygous,17,2541585,G,A,NM_000430.3,c.3G>A,p.(Met1?),PAFAH1B1,Likely pathogenic,Diagnostic,
166P,Saliva,,,,,,,,,,,HP:0002282,,,,,,,,,,,,,,,,,,,
166P,,,,,,,,,,,,HP:0007359,,,,,,,,,,,,,,,,,,,
2319R,Blood,12/06/2019,5,15/07/2016,2,21/05/2014,5,Alive,,,,HP:0011097,2,F,YES,0.7,AD - de novo,WES - trio,Blood,Heterozygous,3,113513798,G,T,NM_001690.3,c.1068G>T,p.(Glu356Asp),ATP6V1A,Likely pathogenic,Diagnostic,
2319R,,,,,,,,,,,,HP:0001263,,,,,AD â€“ inherited,,,,13,111091001,T,A,NM_001846.3,c.898T>A,p.(Phe300Ile),COL4A2,Vous,Vous,
2319R,,,,,,,,,,,,HP:0011097,,,,,,,,,,,,,,,,,,,
2319R,,,,,,,,,,,,HP:0001263,,,,,,,,,,,,,,,,,,,
871V,Blood,30/05/2019,2,08/11/2017,1,20/10/2016,3,Alive,,,,HP:0000252,0,F,NO,,,WES - trio,Blood,Heterozygous,2,236649647,C,G,NM_001037131.2,c.351C>G,p.(Ser117Arg),AGAP1,Vous - candidate,Candidate,
871V,,,,,,,,,,,,HP:0002079,,,,,,,,,2,236649682,C,T,,c.386C>T,p.(Pro129Leu),,,,
871V,,,,,,,,,,,,HP:0001263,,,,,,,,,,,,,,,,,,,
871V,,,,,,,,,,,,HP:0000252,,,,,,,,,,,,,,,,,,,
871V,,,,,,,,,,,,HP:0002079,,,,,,,,,,,,,,,,,,,
871V,,,,,,,,,,,,HP:0001263,,,,,,,,,,,,,,,,,,,
101N,Blood,02/03/2019,23,13/07/2009,13,23/09/1995,24,Alive,,,,,Undetermined,M,YES,Undetermined,AD - de novo,WES - singleton,Blood,Heterozygous,2,166901591,G,A,NM_001165964.3,c.1624C>T,p.(Arg542*),SCN1A,Pathogenic,,ORPHA:33069
10M,Blood,07/08/2018,5,31/10/2014,0,01/06/2013,7,Alive,,,,,0,F,YES,0,AD - de novo,WES - singleton,Blood,Heterozygous,16,56370656,G,A,NM_020988.2,c.607G>A,p.(Gly203Arg),GNAO1,Pathogenic,,ORPHA:1934
11M,Blood,05/05/2020,1,02/02/2019,0,01/01/2019,1,Alive,,,,,Undetermined,M,YES,Undetermined,AD - inherited,TGS - gene panel,Blood,Heterozygous,20,62078168,G,A,NM_172107.4,c.319C>T,p.(Leu107Phe),KCNQ2,Pathogenic,,ORPHA:1949
12M,Blood,20/10/2017,1,20/10/2017,1,20/10/2016,3,Alive,,,,,Undetermined,M,YES,Undetermined,AD - de novo,TGS - gene panel,Blood,Heterozygous,15,93470540,C,T,NM_001271.4,c.361C>T,p.Arg121Ter,CHD2,Pathogenic,,ORPHA:2382
13M,Blood,20/03/2019,0,20/03/2019,0,20/10/2018,1,Alive,,,,HP:0001249,Undetermined,F,YES,Undetermined,AD - de novo,TGS - gene panel,Blood,Heterozygous,9,130374720,G,A,NM_003165.3,c.37+1G>A,,STXBP1,Pathogenic,,
13M,,,,,,,,,,,,HP:0001298,,,,,,,,,,,,,,,,,,,
13M,,,,,,,,,,,,HP:0002353,,,,,,,,,,,,,,,,,,,
14M,Blood,20/11/2019,0,20/11/2019,0,20/10/2019,0,Alive,,,,,0,M,YES,0,AR - inherited - homozygous,WES - trio,Blood,Homozygous,21,38444814,A,G,NM_153682.2,c.2T>C,p.(Met1?),PIGP,Pathogenic,,ORPHA:1934